ID,Название дизайна (RU/EN),Midnight Navy,Neon Green,Glow-in-the-dark,Светящаяся роспись,Весна / Лето,"Темно-синяя база с нарисованными вручную лозами и цветами, светящимися неоново-зеленым в темноте. Футуристичный взгляд на природные мотивы, меняющий облик в зависимости от освещения.","macro photography of female hands, elegant long fingers, high-end jewelry, soft cinematic lighting, 8k resolution, hyper-realistic skin texture. Midnight navy nails adorned with delicate glowing neon green botanical vines. Bioluminescent effect, mystical garden aesthetic."
STIL-26-001,Кибер-Гот Y2K / Cyber-Goth Y2K,Iridescent Rainbow,Liquid Silver Chrome,Black,"3D хром, аэрография",Осень / Зима,"Переливающаяся радужная база, дополненная темными трайбл-паттернами и массивными 3D-сердцами из жидкого серебра. Эстетика двухтысячных годов в агрессивной и высокотехнологичной интерпретации.","macro photography of female hands, elegant long fingers, high-end jewelry, soft cinematic lighting. Nails with an iridescent dark rainbow aura base, heavily decorated with tribal cyber-goth patterns in black and large 3D liquid silver chrome bubble hearts. Y2K 2.0 aesthetic."
STIL-26-002,Неоновый Микро-Френч / Neon Micro-French,Nude Base,Neon Yellow,Neon Pink,Микро-френч,Лето,"Идеальное нюдовое покрытие с экстремально тонкой линией неонового цвета на свободном крае. Создает яркий отпускной акцент, сохраняя при этом сдержанную и ""чистую"" структуру классического френча.","macro photography of female hands, elegant long fingers, high-end jewelry, soft cinematic lighting. Perfect natural nude base nails with an ultra-thin 1mm neon yellow and neon pink micro-french tip. Clean, vibrant summer aesthetic, glossy finish."
STIL-26-003,Глубокий Космос 12D / Deep Space Cat-Eye,Cobalt Blue,Black,Silver Shimmer,12D Magnetic Velvet,Зима,Магнитный гель 12D в кобальтово-синих и черных тонах с мелкими металлическими частицами. Равномерное распределение шиммера создает эффект объемного свечения глубокого космоса прямо внутри ногтя.,"macro photography of female hands, elegant long fingers, high-end jewelry, soft cinematic lighting. Almond nails featuring a deep space 12D magnetic cat-eye effect. A velvety blend of cobalt blue and black base with silver cosmic shimmer scattered across the nail, galaxy aesthetic."
STIL-26-004,Темная Черепаха / Dark Tortoiseshell,Espresso Brown,Dark Amber,Black,"Желейная глубина, wet-on-wet",Осень,"Насыщенный животный принт в цветах эспрессо и темного янтаря, выполненный влажной растушевкой. Глянцевая глубина слоев имитирует фактуру настоящего полудрагоценного камня.","macro photography of female hands, elegant long fingers, high-end jewelry, soft cinematic lighting. Glossy nails with a deep, rich tortoiseshell pattern. Translucent jelly layers of dark espresso brown, dark amber, and black, blending organically for a semi-precious stone look."
STIL-26-005,Ультрафиолетовый Неон / UV-Reactive Neon,Clear Acrylic,Acid Green,Electric Pink,"УФ-свечение, инкапсуляция",Лето,"Прозрачное акриловое наращивание со встроенными яркими пигментами, которые полностью интегрированы в толщу ногтя. Пигменты начинают интенсивно светиться под светом черных ламп.","macro photography of female hands, elegant long fingers, high-end jewelry, soft cinematic lighting. Long coffin nails made of clear acrylic encapsulated with vibrant acid green and electric pink UV-reactive neon pigments. Club aesthetic, glowing from within."
STIL-26-006,Черное Кружево / Black Lace French,Soft Beige,Jet Black,Matte Top,Детальная роспись,Осень / Зима,"Мягкая бежевая подложка с кончиками, расписанными под сложнейшее черное кружево. Матовое завершение придает дизайну утонченный и слегка готический характер.","macro photography of female hands, elegant long fingers, high-end jewelry, soft cinematic lighting. Almond nails with a soft sheer beige base. The tips feature intricate, hand-painted jet black lace patterns. Matte finish on the lace, romantic gothic aesthetic."
STIL-26-007,Темный Авангард / Dark Avant-Garde Drip,Matte Black,Liquid Gold,Clear Gloss,"Матовый фон, 3D хром-капли",Осень / Зима,"Идеально матовый и глухой черный фон, по которому фактурно стекают 3D-капли расплавленного золота. Экстремальный контраст текстур для максимального привлечения внимания.","macro photography of female hands, elegant long fingers, high-end jewelry, soft cinematic lighting. Extreme contrast nails: pitch black matte base adorned with thick 3D drips of glossy liquid gold chrome. Avant-garde, luxurious and edgy look."
STIL-26-008,Изумрудная Аура / Emerald Glow Aura,Dark Charcoal,Neon Emerald,Silver Dust,"Аэрография, градиент",Зима,"Темно-угольная подложка с пульсирующей неоново-изумрудной аурой, распыленной аэрографом по центру. Серебряная пыль добавляет мистическое сходство с цифровым свечением.","macro photography of female hands, elegant long fingers, high-end jewelry, soft cinematic lighting. Square nails with a dark charcoal base. A vibrant, glowing neon emerald green aura airbrushed in the center, scattered with fine silver dust. Luminous, mysterious aesthetic."
STIL-26-009,Кровавый Дип-Френч / Oxblood Deep French,Milky Pink,Oxblood Red,High Gloss,Deep French,Осень,"Драматичный французский маникюр с экстремально заниженной, вытянутой линией улыбки цвета темной бычьей крови. Навеян эстетикой 90-х и визуально удлиняет ногтевое ложе.","macro photography of female hands, elegant long fingers, high-end jewelry, soft cinematic lighting. Stiletto nails featuring a deep, exaggerated French tip in rich oxblood red over a milky pink base. Extreme curved smile line reaching down the sides, vampy 90s aesthetic."
STIL-26-010,Электрическая Фуксия / Electric Fuchsia Velvet,Electric Fuchsia,Black Edge,Magenta Shimmer,Magnetic Velvet,Весна / Лето,Яркий неоново-розовый оттенок с магнитным вельветовым свечением и легким затемнением к краям ногтя. Слияние топового цвета 2026 года со сложной игрой света.,"macro photography of female hands, elegant long fingers, high-end jewelry, soft cinematic lighting. Oval nails showcasing a vibrant electric fuchsia magnetic velvet effect. The edges of the nails are softly shaded in black, creating a glowing neon magenta center, luxurious and bold."
STIL-26-011,Неоновый Леопард / Neon Leopard Glass,Translucent Neon Orange,Black,Gold Foil,"Желейный неон, фольга",Лето,"Полупрозрачное неоново-оранжевое ""желе"" с инкапсулированными пятнами леопарда и золотой фольгой под толстым слоем стекла. Свежая и смелая интерпретация животного принта.","macro photography of female hands, elegant long fingers, high-end jewelry, soft cinematic lighting. Nails with a translucent neon orange jelly base. Dark black leopard spots and small gold foil fragments are encapsulated beneath a smooth, glass-like topcoat. Modern animal print."
STIL-26-012,Темный Мрамор Тилиум / Transformative Teal Marble,Transformative Teal,Black,Silver Chrome,"Мрамор, хромированные прожилки",Всесезонный,Мраморная техника в глубоком сине-зеленом оттенке года (Transformative Teal) с черными тенями. Трещины в камне заполнены рельефным жидким серебром для люксового эффекта.,"macro photography of female hands, elegant long fingers, high-end jewelry, soft cinematic lighting. Nails with a deep transformative teal and black marble texture. The mineral pattern is highlighted by raised 3D liquid silver chrome veins, high-end gemstone look."
STIL-26-013,Теневая Геометрия / Shadow Grid,Bare Nail (Clear),Jet Black,Neon Cyan,"Negative space, графика",Весна / Осень,Упор на негативное пространство: полностью прозрачный ноготь с архитектурными микро-сетками черного цвета. Одиночные точки неоново-синего цвета создают эстетику кибер-минимализма.,"macro photography of female hands, elegant long fingers, high-end jewelry, soft cinematic lighting. Minimalist nails showing the bare natural nail bed under a glossy clear coat. Decorated with an ultra-thin, precise jet black architectural grid and single neon cyan geometric dot accents."
STIL-26-014,Лавовый Хром / Lava Falls Chrome,Lava Falls (Deep Red),Black,Crimson Metallic,Хромовая втирка,Осень / Зима,"Плотное металлическое покрытие с переходом от глубокого черного у кутикулы к смелому и драматичному красному на кончиках. Создает зеркальный ""кровавый"" эффект.","macro photography of female hands, elegant long fingers, high-end jewelry, soft cinematic lighting. Coffin nails featuring a gradient from deep black at the cuticle to a bold 'Lava Falls' dark red at the tip. Covered entirely in a highly reflective crimson metallic chrome mirror finish."
STIL-26-015,Спортивный Неон / Athletic Neon Stripes,Opaque Black,Neon Lime,White,"Геометрия, Spider Gel",Лето,Плотный матово-черный фон с двумя идеально ровными горизонтальными линиями на кончиках — белой и неоново-салатовой. Вдохновлен пересечением высокой моды и спортивного стиля.,"macro photography of female hands, elegant long fingers, high-end jewelry, soft cinematic lighting. Square nails painted opaque black. The tips feature two perfectly straight, fine horizontal stripes in bright neon lime and stark white, creating a chic athletic and sporty vibe."
STIL-26-016,Гранж-Клетка / Dark Grunge Plaid,Dark Plum,Black,Silver Shimmer,"Магнитная клетка, матовый",Осень / Зима,"Изящная клетка, сформированная черными линиями и сдвигами серебряного магнитного шиммера на фоне глубокой сливы. Матовый финиш усиливает ностальгическую уютную гранж-вибрацию.","macro photography of female hands, elegant long fingers, high-end jewelry, soft cinematic lighting. Matte nails with a dark plum base. A neat, subtle plaid pattern formed by black lines and shifting silver magnetic shimmer stripes. Cozy yet edgy 90s grunge aesthetic."
STIL-26-017,Неоновый Скиттлз / Neon Jelly Skittle,Multiple Neons,Clear Builder,Chrome Dust,"Skittle, прозрачное стекло",Лето,Каждый палец покрыт полупрозрачным сочным желе своего неонового оттенка. Сверху втерт легчайший жемчужный пигмент для создания леденцового сияния.,"macro photography of female hands, elegant long fingers, high-end jewelry, soft cinematic lighting. 'Skittle' manicure where each nail is a different vibrant translucent neon jelly color (pink, green, yellow, blue, orange). Finished with a subtle pearlescent chrome dust for a glazed candy look."
STIL-26-018,Обратное Красное Пространство / Reverse Negative Space Red,Blood Red,Natural Nude,Gold Studs,Обратный френч,Всесезонный,"Покрытие в плотном, темном и богатом красном цвете с четким, не закрашенным полумесяцем у кутикулы. Для добавления архитектурности в пустое пространство встроены золотые микро-заклепки.","macro photography of female hands, elegant long fingers, high-end jewelry, soft cinematic lighting. Nails painted in a vivid dark blood red, featuring a sharp reverse negative space design where the cuticle half-moon is left bare. Tiny 3D gold studs adorn the curve, elegant and bold."
STIL-26-019,Эспрессо с Молоком / Espresso Velvet Swirl,Deep Espresso,Milky White,Copper Magnetic,"Кофейные разводы, 9D Velvet",Осень,"Насыщенный кофейный фон смешан с молочно-белыми изгибами. Глубину ""латте-арта"" усиливает магнитное теплое свечение меди, проходящее прямо по водоворотам.","macro photography of female hands, elegant long fingers, high-end jewelry, soft cinematic lighting. Nails resembling a swirling cup of coffee. Deep espresso brown base blended with milky white curves. Enhanced by a 9D warm copper magnetic velvet shimmer flowing through the swirls."
STIL-26-020,Токсичная Аура / Toxic Forest Aura,Shale Green,Neon Lime,Black Spider Gel,"Аура, абстракция",Осень / Весна,"Приглушенная пыльно-зеленая база с пульсирующим кислотно-лаймовым свечением в центре. Дизайн перекрыт хаотичными, грубыми черными нитями спайдер-геля.","macro photography of female hands, elegant long fingers, high-end jewelry, soft cinematic lighting. Nails painted in a muted earthy shale green, featuring a glowing, toxic neon lime aura in the center. Fine, chaotic black spider gel lines are draped across the surface, edgy organic look."
STIL-26-021,Двойной Темный Френч / Double Midnight French,Clear Nude,Midnight Blue,Jet Black,Двойной френч,Зима / Осень,На голом ногте выполнены две тончайшие параллельные дуги: угольно-черная на самом краю и полуночно-синяя чуть ниже. Идеально чистая архитектурная геометрия.,"macro photography of female hands, elegant long fingers, high-end jewelry, soft cinematic lighting. Bare nude nails featuring an architectural double French tip. One ultra-thin jet black curve at the very edge, and a parallel thin midnight blue curve just beneath it, clean and precise."
STIL-26-022,Неоновый Скелет / Neon Skeleton Leaves,Dark Charcoal,Neon Pink,Matte Base,Ручная роспись ботаники,Весна / Осень,Темно-угольный матовый фон служит полотном для тонкой ручной прорисовки скелетированных листьев неоново-розовым цветом. Биомимикрия в агрессивно-токсичном прочтении.,"macro photography of female hands, elegant long fingers, high-end jewelry, soft cinematic lighting. Matte dark charcoal grey nails. Hand-painted, highly detailed skeletal leaves and botanical veins in a bright neon pink color."
STIL-26-023,Кибер-Мрамор / Cyber Marble,White Onyx,Electric Blue,Silver Foil,"Текстура камня, неон",Всесезонный,"Классический белый мрамор, в котором прожилки заменены на ярко-синие неоновые линии и серебряную фольгу. Органика в цифровой обертке.","macro photography of female hands, elegant long fingers, high-end jewelry, soft cinematic lighting, 8k resolution, hyper-realistic skin texture, aesthetic hand pose. White onyx stone texture nails. The mineral veins are replaced with vibrant electric blue neon lines and scattered silver leaf foil, high-tech organic fusion."
STIL-26-024,Роса на Матче / 3D Botanical Dew Drops,Matcha Green,Clear Gel,White,"3D капли, ручная роспись",Весна / Лето,"Нежный пастельный фон цвета матча, украшенный гиперреалистичными 3D-каплями росы. Под объемным прозрачным гелем виднеется тонкая ботаническая роспись.","macro photography of female hands, 8k resolution. Matcha green pastel nails decorated with hyper-realistic 3D clear gel water droplets. Delicate white botanical line art is visible underneath."
STIL-26-025,Осколки Авроры / Aurora Shattered Glass,Clear Builder,Holographic Blue,Iridescent Pink,"Эффект битого стекла, аквариум",Лето,Кристально прозрачная база с инкапсулированными кусочками голографической пленки Аврора. Под разным углом света дизайн взрывается ледяным розовым и синим неоном.,"macro photography of female hands, long stiletto nails with clear base. Encapsulated iridescent Aurora film creating a shattered glass effect, shifting in holographic blue and neon pink, crystalline depth."
STIL-26-026,Кавайные Мармеладные Мишки / Kawaii Gummy Bears,Translucent Pink,Neon Yellow,Mint Green,"3D лепка, желейный финиш",Лето,"Полупрозрачные желейные ногти в стиле Харадзюку, украшенные объемными мармеладными мишками ручной лепки. Яркие неоновые акценты создают игривый и молодежный образ.","macro photography of female hands, long coffin nails, sheer jelly pink base. Decorated with sculpted 3D gummy bears in neon yellow and mint green, cute Harajuku decora aesthetic, hyper-realistic candy texture."
STIL-26-027,Императорский Нефрит / Imperial Jade 3D,Jade Green,Milky White,Gold Liquid,"Текстура камня, 3D хром",Всесезонный,Глубокая имитация натурального нефрита с многослойным аквариумным эффектом. Украшен объемными прожилками из расплавленного старого золота для придания азиатского люкса.,"macro photography of female hands, high-end jewelry, 8k resolution. Almond nails mimicking deep jade gemstone texture with milky white cloudy depth. Features raised 3D veins of antique liquid gold, luxury Asian aesthetic."
STIL-26-028,Рубиновый Аквариум / Ruby Gemstone Aquarium,Deep Crimson,Ruby Red,Gold Flakes,"3D инкапсуляция, текстура камня",Зима,"Азиатский люкс с многомерной имитацией драгоценного рубина. Полупрозрачные красные слои желе чередуются с золотой поталью, создавая эффект кристалла с бесконечным внутренним свечением.","macro photography of female hands, 8k resolution. Nails resembling polished ruby gemstones. Translucent deep crimson and red jelly layers encapsulating floating gold flakes, creating a 3D aquarium effect with immense depth."
STIL-26-029,Изумрудный Крокодил / Emerald Croc Skin,Deep Emerald,Black,Gold Chrome,"3D текстура рептилии, матовый контраст",Осень / Зима,"Анималистичный тренд с имитацией кожи крокодила. Изумрудная база с глянцевыми рельефными чешуйками на глухом матовом фоне, визуально подчеркнутыми втиркой из золотого хрома.","macro photography of female hands, elegant fingers, 8k resolution. Deep emerald green nails featuring a realistic 3D crocodile skin texture. Matte base with glossy raised scales and subtle gold chrome highlights, luxurious exotic aesthetic."
STIL-26-030,Античное Золото / Antique Gold Melt,Aged Gold,Bronze,Black,"Текстура старого металла, фольга",Осень,"Имитация состаренного, расплавленного золота с глубокой темной патиной. Грубая, нарочито небрежная текстура металла создает эффект массивных винтажных украшений прямо на ногтях.","macro photography of female hands, 8k resolution. Nails covered in a textured antique gold finish, resembling melted vintage metal with dark bronze and black patina in the crevices, raw and luxurious metallic aesthetic."
STIL-26-031,Глянцевый Дамаск / Glossy Damask Velvet,Dark Burgundy,Cherry Red,Clear Gloss,"Матовый бархат, глянцевый узор",Зима,"Глубокое бордовое покрытие с эффектом поглощающего свет матового бархата. Поверх фона нанесены изящные глянцевые узоры, которые создают роскошный контраст фактур и проявляются при игре света.","macro photography of female hands, 8k resolution. Dark burgundy nails with a soft matte velvet finish. Intricate, glossy clear floral and damask patterns painted over the matte base, creating a subtle tone-on-tone contrast."
STIL-26-032,Глубокий Космос / Galaxy Cat-Eye Vortex,Obsidian Black,Galaxy Blue,Purple Shimmer,"Кошачий глаз, магнитная иллюзия",Зима,"Сложный магнитный гель, воссоздающий бесконечную глубину открытого космоса. На черной базе вспыхивают галактические сине-фиолетовые туманности, меняющие свое положение при малейшем движении руки.","macro photography of female hands, 8k resolution. Deep space cat-eye nails on an obsidian black base. Magnetic galaxy blue and purple shimmer perfectly dispersed to look like a glowing nebula, multi-dimensional shifting light effect."
STIL-26-033,Неоновая Пульсация / Neon Pulse Aura,Electric Purple,Neon Yellow,Hot Pink,"Аура-градиент, аэрография",Весна / Лето,"Сложный многослойный градиент в стиле Aura nails. Ядовито-желтый центр мягко рассеивается в неоновый розовый, растворяясь в глубоком электрическом фиолетовом фоне.","macro photography of female hands, 8k resolution. Aura nails with a vibrant electric purple base. A glowing neon yellow center smoothly fades into a hot pink halo using an airbrush gradient effect, cyberpunk and energetic vibe."
STIL-26-034,Радиоактивная Аура / Radioactive Cyber Aura,Charcoal Black,Acid Green,Neon Cyan,"Аура-градиент, неон",Всесезонный,"Глубокий матовый угольный фон, поглощающий свет, из которого вырывается радиоактивное свечение кислотно-зеленой и циановой ауры. Эффект максимального неонового контраста.","macro photography of female hands, 8k resolution. Matte charcoal black nails featuring a glowing, highly saturated acid green and neon cyan airbrush aura in the center, emitting a radioactive cyberpunk glow."
STIL-26-035,Тигухагу: Неоновый Закат / Mismatched Neon Sunset,Vibrant Orange,Hot Magenta,White,"Асимметрия, геометрия и абстракция",Лето,"Стиль разные руки (Тигухагу) в единой палитре неонового заката. На левой руке выполнена строгая архитектурная геометрия, на правой — хаотичные, экспрессивные абстрактные мазки тех же тонов.","macro photography of two female hands side by side, 8k resolution. Mismatched Chiguhagu nails in vibrant orange and hot magenta tones. The left hand features sharp, precise minimalist geometry and grids. The right hand features expressive, chaotic abstract brush strokes."
STIL-26-036,Тигухагу: Глубины Океана / Mismatched Ocean Deep,Navy Blue,Cobalt,Gold Liquid,"Асимметрия, геометрия и абстракция",Весна / Лето,"Дизайн разные руки в глубоких синих оттенках с золотом. Одна рука украшена строгими геометрическими паттернами, вторая — размытыми абстрактными мазками, напоминающими океанские течения.","macro photography of two female hands side by side, 8k resolution. Mismatched Chiguhagu nails in navy blue and cobalt. Left hand features strict gold geometric shapes and lines. Right hand features abstract, fluid watercolor brushstrokes resembling ocean currents."
STIL-26-037,Тигухагу: Терракота / Mismatched Terracotta,Terracotta,Olive Green,Cream,"Асимметрия, геометрия и абстракция",Осень,Уютные землистые тона в дерзком асимметричном исполнении. Четкие кремовые блоки и линии на одной руке контрастируют со свободными органическими мазками терракотового и оливкового на другой.,"macro photography of two female hands side by side, 8k resolution. Mismatched Chiguhagu nails in terracotta, olive green, and cream. Left hand displays clean geometric color-blocking. Right hand shows abstract, expressive painterly strokes in the same earthy palette."
STIL-26-038,Тигухагу: Кибер-Монохром / Mismatched Cyber Monochrome,Jet Black,Silver Chrome,Neon Cyan,"Асимметрия, геометрия и абстракция",Зима,"Монохромный асимметричный дизайн. Правая рука покрыта строгой хромированной 3D-геометрией, левая — экспрессивными глянцевыми мазками на идеально матовом черном фоне с точечными неоновыми акцентами.","macro photography of two female hands side by side, 8k resolution. Mismatched Chiguhagu nails in jet black and silver chrome with neon cyan dots. Left hand has complex geometric chrome lines. Right hand has glossy abstract brush strokes on a matte black base."
STIL-26-039,Пруд с Карпами Кои / 3D Koi Pond Aquarium,Sheer Blue,Orange,Gold Leaf,"Аквариум, 3D лепка, роспись",Лето,"Сложный азиатский 3D-дизайн, имитирующий пруд. Под слоем прозрачного желейного геля нарисованы карпы кои, а на поверхности располагаются объемные капли воды и кувшинки.","macro photography of female hands, 8k resolution. Asian luxury 3D nails mimicking a koi pond. Sheer blue jelly base with hand-painted orange koi fish and gold leaf underneath. Topped with clear 3D water droplets and sculpted lotus flowers."
STIL-26-040,Змеиная Чешуя / Matte Snake Skin,Olive Green,Black,Gold Chrome,3D текстура рептилии,Осень,Реалистичная имитация змеиной чешуи с помощью объемных капель прозрачного геля на градиентном оливково-черном фоне. Втирка золотого хрома на ребрах чешуек создает роскошный хищный эффект.,"macro photography of female hands, 8k resolution. Nails featuring a realistic 3D snake skin texture. Olive green to black gradient base, with raised clear gel scales highlighted by rubbed gold chrome powder on the edges, exotic luxury aesthetic."
STIL-26-041,Хромированный Кварц / Chrome-Veined Quartz,Milky White,Translucent Grey,Silver Chrome,"Текстура камня, 3D хром",Всесезонный,"Глубокая текстура полупрозрачного дымчатого кварца, сквозь которую проступают фактурные 3D-вены из жидкого серебра. Натуральная органика в сочетании с цифровым футуризмом.","macro photography of female hands, 8k resolution. Nails mimicking raw translucent quartz with milky white and grey smoky depth. Embellished with striking 3D liquid silver chrome veins running across the stone texture, sophisticated raw luxury."
STIL-26-042,Инкапсулированная Аврора / Iridescent Jelly Drops,Clear Pink,Holographic Blue,Neon Purple,"3D капли, стекло Аврора",Весна / Лето,"Прозрачная розовая желейная база с эффектом битого стекла. Поверх голографической пленки Аврора расположены крупные 3D-капли, работающие как линзы для преломления неонового света.","macro photography of female hands, 8k resolution. Sheer pink jelly base nails featuring shattered Aurora glass film encapsulated inside. Large clear 3D gel drops sit on the surface acting as magnifying lenses, reflecting holographic blue and neon purple light."
STIL-26-043,Магнитная Сингулярность / Nebula Velvet Cat-Eye,Plum Purple,Galaxy Violet,Holographic Silver,"Кошачий глаз, 9D Velvet",Зима / Осень,Сливовая база смешивается с голографическими серебряными частицами магнитного геля. Идеальное бархатное распределение шиммера образует глубокую воронку глубокого космоса.,"macro photography of female hands, 8k resolution. 9D magnetic velvet nails with a plum purple base. Holographic silver magnetic particles are uniformly dispersed to look like a glowing nebula, multi-dimensional shifting galaxy light effect."
STIL-26-044,Полуночный Бархат / Midnight Velvet Swirls,Matte Black,Glossy Black,Neon Cyan,"Матовый бархат, глянцевые мазки",Всесезонный,"Идеально матовый черный фон, поглощающий любой свет. На него нанесены глянцевые черные абстрактные мазки и узоры с едва заметным неоново-голубым свечением по краям.","macro photography of female hands, 8k resolution. Pitch black nails with a light-absorbing matte velvet base. Elaborate abstract glossy black brushstrokes painted over the matte base, edged with a very subtle neon cyan glow, high contrast texture."
STIL-26-045,Тепловая Аура / Thermal Neon Aura,Neon Orange,Hot Magenta,Cyan Blue,"Аура-градиент, размытие",Лето,"Экстремально яркий градиент из трех неоновых оттенков, плавно перетекающих друг в друга. Края ауры намеренно размыты, создавая эффект термограммы с инфракрасной камеры.","macro photography of female hands, 8k resolution. Vibrant thermal camera inspired aura nails. Blended airbrush gradient of neon orange, hot magenta, and cyan blue with heavily blurred edges, mimicking a glowing infrared heat map, cyberpunk vibe."
STIL-26-046,Сакура под Стеклом / Sakura Glass 3D,Pale Pink,Cherry Red,Clear Gloss,"Аквариум, 3D лепка, цветы",Весна,Японский люкс: многослойный дизайн с инкапсулированными внутри сухоцветами сакуры и микро-золотом. Сверху дизайн перекрыт толстым слоем стекла с объемными каплями.,"macro photography of female hands, 8k resolution. Japanese luxury 3D nails. Encapsulated real cherry blossom dried flowers and micro gold flakes suspended in a pale pink translucent jelly base. Topped with a thick glass-like builder gel and 3D dew drops."
STIL-26-047,Античная Бронза / Patina Bronze Texture,Aged Bronze,Oxidized Turquoise,Black,"Текстура металла, патина",Осень / Зима,Тактильная текстура сырой бронзы с черными впадинами и пятнами окисленной бирюзовой патины. Намеренно лишена глянца для создания эффекта древнего металла.,"macro photography of female hands, 8k resolution. Heavily textured nails mimicking aged, oxidized bronze metal. Raw matte finish with black crevices and bright turquoise patina spots, creating an ancient, weathered metallic artifact aesthetic."
STIL-26-048,Тигухагу: Матча и Ваниль / Mismatched Matcha Vanilla,Matcha Green,Vanilla Cream,Gold Leaf,"Асимметрия, геометрия и абстракция",Весна,"Стиль разные руки в нежных тонах матчи и ванили. Левая рука украшена строгими шахматными паттернами и геометрией, правая — органическими абстрактными мазками и золотой поталью.","macro photography of two female hands side by side, 8k resolution. Mismatched Chiguhagu nails in matcha green and vanilla cream. Left hand features crisp geometric checkerboard patterns and lines. Right hand shows abstract, expressive painterly strokes with gold leaf."
STIL-26-049, Слёзы Единорога 3D / 3D Unicorn Tears,Clear Jelly,Holographic Silver,Soft Pink,"Аквариум, 3D капли",Весна / Лето,"Кристально прозрачный гель с инкапсулированными переливающимися хлопьями фольги и мелкими жемчужинами. Объемные 3D-капли на поверхности создают эффект волшебных слез, преломляя свет под разными углами.","macro photography of female hands, elegant long fingers. Clear jelly nails with encapsulated holographic silver flakes and tiny pearls. Huge 3D clear gel water drops reflecting soft pink light like unicorn tears, magical aesthetic, 8k."
STIL-26-050,Застывшая Ботаника / Frozen Botanical Aquarium,Clear Builder,Mustard Yellow,Gold Dust,"Аквариум, сухоцветы",Весна,"Многослойный аквариумный дизайн с натуральными сухоцветами и золотой микро-пылью, плавающими в толще прозрачного геля. Идеальная гладкость поверхности превращает каждый ноготь в миниатюрную стеклянную линзу.","macro photography of female hands, clear builder gel nails encapsulating tiny real dried mustard yellow flowers and gold dust. Aquarium effect where botanical elements float suspended in thick glass-like resin, pristine and elegant."
STIL-26-051,Жемчужный Океан / Pearl Ocean Aquarium,Ocean Blue,Iridescent White,Silver,"Желейный градиент, инкапсуляция",Лето,Глубокое синее желе служит фоном для плавающих внутри прозрачной сферы крошечных жемчужин и серебряных блесток. Создает иллюзию драгоценного подводного мира на кончиках пальцев.,"macro photography of female hands, ocean blue jelly gradient nails. Thick clear builder gel encapsulates tiny white pearls and silver glitter floating inside like a deep-sea aquarium, luxurious mermaid aesthetic, high gloss."
STIL-26-052,Аврора в Янтаре / Amber Aurora Glass,Amber Jelly,Neon Pink,Gold Flakes,"Эффект битого стекла, аквариум",Осень,"Теплая янтарная база, в которую встроены голографические осколки пленки Аврора. Трехмерный аквариумный эффект заставляет осколки вспыхивать неоновым розовым светом из глубины покрытия.","macro photography of female hands, warm amber jelly base nails. Encapsulated holographic Aurora glass shards and gold flakes floating inside the clear gel extension, glowing neon pink from within, highly reflective."
STIL-26-053,Галактический Аквариум / Galaxy Aquarium,Space Black,Holographic Violet,Silver Stars,"Аквариум, голография",Зима,"Сложная имитация открытого космоса под толстым стеклом. В черной полупрозрачной базе плавают объемные серебряные звезды и голографическая фиолетовая пыль, меняющая паттерн при малейшем движении.","macro photography of female hands, space black semi-translucent nails. Encapsulated 3D silver stars and holographic violet dust floating deep inside a clear gel dome, galaxy aquarium effect, futuristic luxury."
STIL-26-054, Матовое Серебро и Ртуть / Matte Silver & Mercury,Matte Grey,Liquid Silver,Clear Chrome,"Жидкий металл, матовый контраст",Всесезонный,Глухой матовый серый фон становится холстом для экстремально объемных наплывов жидкого серебра. Текстура расплавленной ртути выглядит гиперреалистично и максимально тактильно.,"macro photography of female hands, perfect matte light grey nails. Adorned with thick, raised 3D liquid silver chrome drips that look like melted mercury flowing down the nail, extreme contrast between matte and metallic."
STIL-26-055,Расплавленное Золото на Черном / Molten Gold on Black,Pitch Black,Antique Gold,None,"Жидкий металл, 3D хром",Осень / Зима,Классический контраст в футуристичном исполнении 2026 года. На идеально поглощающем свет черном бархате застыли массивные капли и хаотичные нити расплавленного старого золота.,"macro photography of female hands, pitch black velvet matte nails. Heavy, dimensional drips and molten strings of antique 3D liquid gold chrome layered over the matte background, dark luxury aesthetic."
STIL-26-056,Бронзовая Патина / Patina Bronze Melt,Dark Teal,Molten Bronze,Oxidized Green,"Матовый фон, 3D металл",Осень,Глубокий матовый сине-зеленый оттенок с рельефными потеками расплавленной бронзы. Вкрапления окисленной зеленой патины придают жидкому металлу винтажный и органический вид.,"macro photography of female hands, matte dark teal nails featuring thick 3D molten bronze chrome drips. The liquid metal is accented with hints of oxidized green patina, ancient artifact meets modern nail art."
STIL-26-057,Кибер-Хром Дрип / Cyber Chrome Drip,Neon Pink,Gunmetal Chrome,None,"Матовый неон, жидкий металл",Лето,"Ядовито-розовый матовый фон пронзают тяжелые, глянцевые наплывы темного пушечного металла. Дерзкий киберпанк с выраженным агрессивным контрастом фактур.","macro photography of female hands, vibrant neon pink matte base nails. Edgy 3D liquid gunmetal chrome dripping from the cuticle down the nail bed, aggressive cyberpunk aesthetic, raw metallic texture."
STIL-26-058,Розовое Золото и Нюд / Rose Gold Molten Nude,Natural Nude,Rose Gold Chrome,Clear Drops,"Жидкий металл, капли",Весна / Лето,"Естественный матовый нюд полностью сливается с кожей, оставляя акцент исключительно на объемных растеканиях жидкого розового золота. Элегантная и утонченная интерпретация тренда.","macro photography of female hands, natural skin-matching matte nude nails. Decorated with beautiful 3D molten rose gold chrome flowing organically over the nail surface, minimalist yet expensive luxury."
STIL-26-059,Разные Пальцы: Японский Сад / Mismatched: Japanese Garden,Matcha Green,Sakura Pink,Gold Foil,"Разные руки, 3D лепка, акварель",Весна,"Каждый ноготь выступает уникальным полотном в палитре матчи и сакуры. Один палец украшен 3D-карпом кои, другой — объемными лепестками, третий — акварельными разводами и поталью.","macro photography of female hands, mismatched nail art in a Japanese Garden theme. Cohesive palette of matcha green, sakura pink, and gold. Each nail is unique: featuring 3D sculpted koi fish, raised cherry blossoms, watercolor washes, and gold foil."
STIL-26-060,Разные Пальцы: Киберпанк 2026 / Mismatched: Cyberpunk 2026,Obsidian Black,Neon Cyan,Hot Magenta,"Разные руки, глитч, хром",Всесезонный,"Сложная асимметрия в единой кибер-гаме на обеих руках. На одном ногте — цифровой глитч, на другом — 3D-микросхемы из серебра, на третьем — пульсирующая неоновая аура.","macro photography of female hands, mismatched Cyberpunk 2026 nail art. Obsidian black base with neon cyan and hot magenta. Unique designs per nail: digital glitch patterns, 3D liquid silver circuit boards, and glowing aura gradients."
STIL-26-061, Разные Пальцы: Темная Готика / Mismatched: Dark Goth,Oxblood Red,Black,Silver Chrome,"Разные руки, кружево, 3D",Осень / Зима,"Единый готический нарратив через разные текстуры на каждом пальце. Чередование матового черного кружева, рубинового кошачьего глаза, хромированных 3D-крестов и миниатюрных цепей.","macro photography of female hands, mismatched Dark Goth nail art. Cohesive palette of oxblood red, pitch black, and silver chrome. Each nail unique: black matte lace, ruby cat-eye velvet, 3D chrome crosses, and real miniature chains."
STIL-26-062,Разные Пальцы: Тропический Закат / Mismatched: Tropical Sunset,Neon Orange,Fuchsia,Gold Chrome,"Разные руки, аура, 3D ракушки",Лето,"Закатная палитра объединяет 5 разных дизайнов на одной руке: от плавной температурной ауры до объемных 3D-ракушек, песка из глиттера и хромированных волн.","macro photography of female hands, mismatched Tropical Sunset nail art. Neon orange, fuchsia, and gold. Unique nails: airbrush sunset aura, 3D sculpted seashells, gold sand glitter, and raised chrome ocean waves."
STIL-26-063, Разные Пальцы: Мраморный Люкс / Mismatched: Marble Luxury,White Onyx,Emerald Green,Gold Leaf,"Разные руки, текстура камня, геометрия",Всесезонный,"Каждый палец демонстрирует разный подход к изумрудному и белому камню. В сете чередуются классический мрамор, сплошной матовый изумруд, строгая золотая геометрия и инкапсулированная фольга.","macro photography of female hands, mismatched Marble Luxury nails. White onyx, deep emerald green, and gold. Each nail is an individual artwork: realistic marble veins, solid matte emerald, sharp gold geometry, and encapsulated gold leaf."
STIL-26-064, Изумрудный Френч-Крокодил / Emerald Croc French,Milky Nude,Deep Emerald,Gold Shimmer,"3D текстура рептилии, френч",Осень / Зима,Дерзкая интерпретация классики: на идеальной молочной базе выложен рельефный френч с реалистичной глянцевой текстурой кожи крокодила изумрудного цвета.,"macro photography of female hands, perfect milky nude base nails. The tips feature a deep emerald green French smile line sculpted with a realistic glossy 3D crocodile skin texture, extremely luxurious and edgy."
STIL-26-065,Металлический Френч-Лезвие / Metallic Blade French,Matte Black,Mirror Silver,None,"Хромовый френч, матовый фон",Зима,"Экстремально острые стилеты, покрытые светопоглощающим черным матом, с тонкими, зеркально-серебряными кончиками, напоминающими заточенные металлические лезвия.","macro photography of female hands, long sharp stiletto nails. Painted in pitch black matte finish. The very tips are coated in highly reflective mirror silver chrome, resembling sharp metal blades, dangerous and chic."
STIL-26-066,Крокодил из Розового Золота / Rose Gold Croc Tip,Clear Nude,Rose Gold Metallic,Black Shadows,"3D металлическая рептилия, френч",Всесезонный,"Прозрачный нюд переходит в сложный френч, где каждая чешуйка крокодиловой кожи отлита из жидкого розового золота с добавлением черных теней для визуальной глубины.","macro photography of female hands, clear nude base nails. The French tips are formed by 3D raised scales in metallic rose gold, mimicking crocodile skin, with subtle black shadows for depth, high-end exotic luxury."
STIL-26-067,Двойной Хромированный Френч / Double Chrome French,Soft Blush,Gold Chrome,Silver Chrome,"Металлик, двойная линия",Весна / Лето,Архитектурная чистота: вместо привычной белой дуги на свободном крае проведены две ультратонкие параллельные хромированные линии — золотая и серебряная.,"macro photography of female hands, soft blush nail bed. The tips feature a minimalist double French design: one ultra-thin mirror gold chrome line, and a parallel ultra-thin silver chrome line right beneath it."
STIL-26-068,Неоновый Крокодил-Френч / Neon Croc French,Matte Beige,Neon Lime,Clear Gloss,"Неоновая рептилия, контраст топов",Лето,Смесь сафари и киберпанка. Строгая бежевая матовая основа заканчивается кричащим кислотно-лаймовым френчем с глянцевой объемной текстурой чешуи рептилии.,"macro photography of female hands, matte beige nails. The French tips are painted in vibrant neon lime green, featuring a raised glossy 3D crocodile skin texture, cyber-safari aesthetic, high contrast."
STIL-26-069,Золотой Минимализм / Gold Minimalist Twist,Mirror Gold,Neon Cyan,None,"Полный хром, 3D неоновая нить",Всесезонный,"Абсолютно гладкое золотое хромированное покрытие на всех ногтях. Элемент неожиданности — единственная, хирургически ровная 3D-нить неоново-голубого цвета на безымянном пальце.","macro photography of female hands, nails completely covered in flawless mirror gold chrome. Minimalist twist: a single, surgical-straight 3D neon cyan thread crosses the ring finger nail diagonally, futuristic avant-garde."
STIL-26-070,Каменный Акцент / Solitary Stone Minimal,Glossy Clear,Natural Stone,None,"Голый ноготь, натуральный камень",Весна / Лето,"Эстетика первозданной чистоты. Идеально обработанный, покрытый лишь прозрачным глянцем ноготь, к центру которого прикреплен крошечный необработанный осколок натурального кварца.","macro photography of female hands, bare natural nails finished with a flawless high-gloss clear coat. A single tiny, raw, unpolished amethyst stone is delicately attached to the center of each nail, raw earthy minimalism."
STIL-26-071,Черная Пустота / Void Black Minimal,Pitch Black Matte,Liquid Silver,None,"Ультра-матовый, одиночная капля",Зима,"Ногти, покрытые светопоглощающим черным бархатным топом. В основании каждого ногтя возле кутикулы застыла единственная микроскопическая капля идеального жидкого серебра.","macro photography of female hands, completely void pitch black matte nails absorbing light. At the cuticle of each nail rests a single, microscopic perfectly spherical droplet of liquid silver chrome, ultimate dark minimalism."
STIL-26-072,Неоновая Микро-Линия / Neon Micro-Line,Oyster Grey,Hot Pink,None,"Матовый солид, геометрия",Осень / Весна,"Спокойный и благородный матовый устрично-серый фон, строго по центру которого лазером прочерчена тончайшая неоново-розовая линия.","macro photography of female hands, elegant matte oyster grey nails. A razor-sharp, ultra-thin matte neon pink line runs perfectly down the vertical center of the nail, sleek graphic minimalism."
STIL-26-073,Жемчужина на Хроме / Pearl on Chrome,Silver Chrome,Iridescent Pearl,None,"Металлик, жемчужная инкрустация",Всесезонный,"Полностью зеркальные, холодные серебряные ногти. Единственный декоративный элемент — одиночная, идеально круглая натуральная жемчужина, утопленная в металл на мизинце.","macro photography of female hands, flawless mirror silver chrome nails. A single, perfectly round natural iridescent pearl is embedded near the cuticle of the pinky nail, blending cold tech with classic organic luxury."
STIL-26-074,Био-Нейронная Сеть / Bio-Neural Glow,Молочный нюд,Неоновый ультрамарин,Нет,Тончайшие 3D-нити светящегося геля поверх матовой базы,Универсальный,"Минималистичный дизайн будущего, имитирующий нейронные связи. Тонкие светящиеся линии создают эффект технологичного арта на кончиках пальцев.","Macro photography of female hands, elegant long fingers. Nails: milky nude matte base with thin 3D glowing electric blue neural network lines. High-end aesthetic, soft cinematic lighting, flux.2-pro hyper-realism, 8k."
STIL-26-075,Жидкий Метеорит / Liquid Meteorite,Графитовый матовый,Хром-серебро,Антрацит,Текстура камня с массивными каплями «жидкого металла»,Зима / Осень,"Сочетание грубой текстуры дикого камня и футуристичного расплавленного серебра. Дизайн для тех, кто ценит тактильность и мощную энергетику.","Macro shot of nails with dark graphite stone texture and large 3D drips of liquid silver chrome. Realistic skin texture, luxury jewelry, dramatic shadows, futuristic vibe, highly detailed."
STIL-26-076,Аквариумная Медуза / Glass Jellyfish,Прозрачный аквамарин,Радужная слюда,Белый неон,Многослойный объемный гель с эффектом глубины и плавающих частиц,Лето,"Эффект живого организма под стеклом. Внутри прозрачного свободного края переливаются частицы, создавая иллюзию движения океана.","Macro photography of clear long nails with 'glass jellyfish' effect. Iridescent flakes and neon white wisps inside transparent blue gel. High-end spa atmosphere, soft daylight, hyper-realistic, 8k."
STIL-26-077,Солнечная Вспышка / Solar Flare Aura,Ярко-оранжевый,Неоновая фуксия,Темный фиолетовый,Airbrush градиент (Aura) с зеркальной втиркой по центру,Лето / Весна,"Дизайн, вдохновленный снимками солнца через тепловизор. Огненная аура, которая меняет оттенок при разном освещении, притягивая все взгляды.","Macro shot of hands with aura nails. Gradient from deep violet to bright orange and neon pink. Metallic chrome center flare. Vivid colors, aesthetic hand pose, professional lighting, 8k."
STIL-26-078,Кибер-Кружево / Cyber-Lace 3D,Угольно-черный,Белый гипс,Нет,Матовый фон с рельефным 3D-плетением в стиле 3D-печати,Универсальный,Классика встречается с киберпанком. Рельефные белые узоры выглядят как напечатанные на принтере последнего поколения поверх глубокого черного.,"Macro photo of matte black nails with intricate white 3D-printed lace patterns. High contrast, sharp details, luxury look, realistic fingers, soft studio light."
STIL-26-079,Жемчужная Магма / Molten Pearl,Перламутр,Жидкое золото,Нет,Глянцевый перламутр с золотыми подтеками по кутикуле,Осень / Зима,"Роскошь в её новом прочтении: нежность жемчуга, которую медленно поглощает расплавленное золото. Идеально для вечерних образов 2026 года.","Elegant female hands. Nails: pearlescent shimmer base with 3D liquid gold flowing from the cuticles. Expensive look, high-end jewelry, cinematic lighting, flux.2-pro style."
STIL-26-080,Цифровой Дождь / Digital Matrix Rain,Темный изумруд,Кибер-лайм,Черный,Вертикальные 3D-капли с эффектом кошачьего глаза внутри,Зима,Интерпретация кода матрицы в стиле люкс. Глубокие изумрудные переливы подчеркнуты объемными вертикальными полосами.,"Macro photography of deep emerald nails with vertical 3D toxic green 'matrix' drips. Cat-eye magnetic effect inside the drips. Futuristic, sharp focus, 8k, realistic skin."
STIL-26-081,Крио-Цветок / Cryo-Flower,Ледяной голубой,Белый,Сухоцветы серебро,Аквариумный дизайн с замороженными цветами и пузырьками воздуха,Зима,"Эстетика вечной мерзлоты. Настоящие элементы природы, застывшие в прозрачном ледяном слое с эффектом инея.","Nails with 'frozen' effect. Clear ice-blue gel encapsulating silver dried flowers and tiny air bubbles. Matte frosty finish on edges. Macro photography, luxury aesthetic, cold tones."
STIL-26-082,Бархатная Сверхновая / Supernova Velvet,Глубокий синий,Электрик,Серебряная пыль,9D Velvet Cat Eye с черной дырой в центре,Осень,Космическая бездна на ваших руках. Бархатная текстура магнитных частиц создает иллюзию бесконечного пространства.,"Macro shot of oval nails with 9D velvet cat eye effect in deep blue. A dark 'void' center surrounded by cosmic silver shimmer. Soft velvet texture, high-end jewelry, cinematic light."
STIL-26-083,Кинетический Хром / Kinetic Chrome Sphere,Прозрачный нюд,Сталь,Нет,Минимализм: чистый ноготь и одна крупная 3D-сфера «ртути» по центру,Универсальный,"Абсолютный хит июня 2026. Чистая эстетика: почти невидимое покрытие и один идеально ровный зеркальный шар, похожий на каплю ртути.","Ultra-minimalist nail art. Clear glossy nails with a single large 3D liquid chrome sphere in the center. Macro photography, white minimalist background, luxury, 8k, flux.2-pro."
STIL-26-084,Глазурь Пончик / Glazed Donut Chrome,Молочно-розовый,Серебряный хром,Нет,Молочная база + микро-хром пудра,Универсальный,"Стиль Hailey Bieber — самый вирусный тренд 2025-2026. Молочная полупрозрачная база с тончайшим слоем хром-пудры создаёт фростед-гласс эффект, ловит каждый блик света.","Milky blush-pink base nails with a luminous frosted-glass chrome powder top layer. Hailey Bieber glazed donut aesthetic. Soft luminous sheen catching every light reflection. Almond shape, glossy finish, quiet luxury minimalism."
STIL-26-085,Молочный Миндаль / Milky Almond Quiet Luxury,Молочно-белый,Нет,Нет,Однотонный молочный финиш,Универсальный,"Тихая роскошь в чистом виде. Однотонное молочно-белое покрытие на миндальной форме, без декора. Выглядит дорого и сдержанно — как идеальный нейтральный маникюр.","Single-tone milky-white almond nails, no embellishments. Quiet luxury minimalism. Pure clean expensive look. Soft glossy finish catching subtle light. Macro photography, cream marble background, magazine quality."
STIL-26-086,Нюд Микро-Френч / Nude Micro-French,Нюд,Белый,Нет,Ультра-тонкая линия френча,Универсальный,"Квинтэссенция quiet luxury — едва заметный френч на нюдовой базе. Тончайшая белая линия на свободном крае, почти незаметная. Идеально ухоженный и сдержанный.","Sheer nude base nails with an ultra-thin barely-perceptible white micro-french tip line. Quiet luxury quintessential manicure. Understated but immaculate. Almond shape, glossy finish, soft natural light, premium aesthetic."
STIL-26-087,Глянцевый Блеск для Губ / Lip Gloss Nails,Прозрачный розовый,Нет,Нет,Ультра-глянцевый sheer pink,Универсальный,"Эффект «мокрых губ» на ногтях. Ультра-глянцевый прозрачный розовый финиш, отражает свет как блеск для губ. Минимализм и максимальный отблеск.","Ultra-glossy sheer pink nails mimicking the wet look of lip gloss. Minimalist and highly reflective under any lighting. Wet-look high shine catching light dramatically. Almond shape, clean premium aesthetic."
STIL-26-088,Шоколадный Глянец / Chocolate Brown Glossy,Тёмный шоколад,Нет,Нет,Глянцевый однотонный шоколад,Осень / Зима,"Rich girl neutral 2025-2026. Глубокий тёплый шоколадно-коричневый глянцевый финиш без шиммера и хрома. Дорогой нейтральный оттенок для осенне-зимнего сезона.","Deep warm chocolate-brown glossy finish nails, no chrome no glitter. Rich girl neutral of 2025-2026. Expensive understated neutral. Almond shape, high gloss catching softbox light, premium quiet luxury aesthetic."
STIL-26-089,Жемчужный Акцент / Pearl Accent Cluster,Молочный,Жемчуг,Нет,Кластеры мелкого жемчуга на молочной базе,Свадьба / Универсальный,"Бридал и quiet luxury одновременно. Мелкие 1-3мм жемчужины собраны в кластеры или линии на молочно-розовой базе. Жемчуг ловит свет мягко и дорого.","Milky blush-pink base nails with tiny 1-3mm faux pearls arranged in delicate clusters and lines. Bridal and quiet luxury aesthetic. Pearls catch light softly with elegant reflection. Almond shape, soft romantic lighting, premium."
STIL-26-090,Сусальное Золото на Нюд / Gold Leaf Fragment Nude,Нюд,Сусальное золото,Нет,Листочки сусального золота на нюдовой базе,Универсальный,"Органичный люкс — рваные листочки сусального золота на нюдовой или молочной базе. Каждый ноготь с уникальным паттерном. Тёплое золото на нейтральном фоне.","Nude beige base nails with irregular organic gold leaf fragments pressed into the tacky top coat. Each nail has a unique natural pattern. Warm gold on neutral background. Almond shape, luxury quiet aesthetic, soft cinematic light."
STIL-26-091,Золотая Фольга-Френч / Gold Foil French,Молочный,Золотая фольга,Нет,Золотая фольга вместо белого кончика,Универсальный,"Архитектурный люкс-френч — тонкая золотая фольга вдоль линии кончика вместо классического белого. Молочная база, золото ловит свет архитектурно.","Milky white base nails with thin gold foil applied along the tip line instead of traditional white. Architectural luxe French manicure. Gold foil catches light with refined reflection. Almond shape, premium quiet luxury, magazine quality."
STIL-26-092,Ледяные Ногти / Ice Nails Micro-Glitter,Прозрачный,Микро-глиттер серебро,Кристаллы,Прозрачные кончики с микро-глиттером,Зима / Универсальный,"Зимний staple с трендом на круглый год. Прозрачные кончики с микро-глиттером и кристаллами, ловят свет как морозные кристаллы. Чистые, воздушные, сверкающие.","Transparent tips nails with micro-glitter and tiny rhinestones catching light like frost crystals. Ice nails winter staple trending year-round. Clean airy sparkling aesthetic. Almond shape, soft winter light, premium quality."
STIL-26-093,Кристальный Френч / Crystal French Tips,Нюд,Микро-кристаллы,Нет,Ряд микро-кристаллов вдоль smile-линии,Свадьба / Вечер,"Классический френч переосмыслен — ряды микро-кристаллов вдоль smile-линии вместо белого полировка. Сверкающая архитектурная линия на нюдовой базе.","Classic French manicure reinvented with rows of micro-crystals along the smile line instead of white polish. Nude base nails with sparkling crystal French tips. Almond shape, ring-light reflective brilliance, bridal and evening luxury."
STIL-26-094,Мульти-Хром Единорог / Multi-Chrome Unicorn,Серебристый,Фиолетовый-золото-тил,Нет,Цвет-шифт хром пудра,Универсальный,"Цвет-шифт хром — пудра переливается между фиолетовым, золотом и тилом в зависимости от угла света. Максимально фотогенично под ring-light. Эффект единорога.","Color-shifting multi-chrome nails flipping between violet, gold, and teal depending on the angle of light. Unicorn chrome powder over a sheer base. Extremely photogenic under ring light. Almond shape, glossy reflective finish, premium futuristic aesthetic."
STIL-26-095,Желейный Моти / Jelly Mochi Pastel,Персиковый,Лайлак,Мятный,Полупрозрачный желейный пастель,Весна / Лето,"Желейные mochi-ногти — полупрозрачные пастельные финишы персик/лайлак/минт, выглядят мягкими как японский моти. Сквиши-эстетик, чистый и милый.","Squishy-looking semi-opaque pastel jelly mochi nails in peach, lilac, and mint. Soft Japanese mochi aesthetic. Translucent depth with glossy finish catching light. Almond shape, clean pastel photography, premium kawaii."
STIL-26-096,Стеклянные Ногти с Цветами / Glass Nails Dried Flowers,Прозрачный,Сухоцветы,Сусальное золото,Инкапсуляция сухоцветов под стеклом,Весна / Лето,"Терруариум под стеклом — прозрачная база с инкапсулированными сухими цветами и листочками сусального золота. Каждый ноготь — мини-сад за стеклом.","Clear glass nails with embedded dried flowers and gold leaf fragments creating a terrarium-under-glass effect. Each nail is a miniature garden encased in transparent gel. Almond shape, soft natural light, premium botanical luxury."
STIL-26-097,Бабочка 3D / Butterfly 3D Charms,Прозрачный jelly,Металлические бабочки,Кристаллы,3D бабочки на clear/jelly базе,Весна / Лето,"Деликатные металлические или смоляные бабочки на прозрачной или желейной базе, с кристаллами-телами. Романтичный и фотогеничный aesthetic.","Delicate metallic and resin 3D butterfly charms perched on clear jelly base nails, with rhinestone bodies. Romantic photogenic aesthetic. Butterflies catch light with dimensional reflection. Almond shape, soft spring lighting, premium."
STIL-26-098,Готическое Золото на Чёрном / Gothic Gold Black,Матовый чёрный,Сусальное золото,Нет,Матовый чёрный + золото-кракле,Осень / Зима,"Драматичный gothic luxe — матовая чёрная база с трещинами сусального золота, барочными завитками или маленькими 3D-розами. Максимальный контраст для фотографии.","Matte black base nails with gold leaf cracks, baroque scrollwork, and small 3D rose charms. Gothic gold and black dramatic luxury. Maximum contrast for moody photography. Almond shape, dramatic lighting, premium baroque aesthetic."
STIL-26-099,Вишнёвый Кокет / Cherry Motif Coquette,Молочно-розовый,Красные вишни,Зелёные листочки,3D вишенки на молочной базе,Весна / Лето,"Кокет-эстетик — красные вишенки (нарисованные или 3D) на молочно-розовой базе с зелёными листочками. Игривый и фотогеничный staple тренда.","Milky pink base nails with red cherry drawings and 3D charms paired with tiny green leaf details. Coquette cherry motif aesthetic. Playful photogenic staple. Almond shape, soft romantic lighting, premium coquette."
STIL-26-100,Барочный Завиток / Baroque Scrollwork,Тёмно-синий,Золото,Нет,Ручная роспись барочной филиграни,Осень / Зима / Вечер,"Винтажный дворцовый aesthetic — ручная роспись золотой или белой барочной филиграни на тёмких jewel-базах (navy, oxblood, forest). Сложная роспись для премиум-событий.","Deep navy base nails with hand-painted gold baroque scrollwork filigree. Vintage palace aesthetic with ornamental luxury. Gold filigree catches light with refined reflection. Almond shape, moody dramatic lighting, premium baroque."